{"preloader":"0","preloader_animation":"circle","preloader_bg":"#f5f5f5","preloader_tx":"#333333","goto_top":"1","sticky_header":"1","favicon":"","boxed_layout":"0","logo_type":"image","logo_position":"logo","logo_load_pos":"default","logo_image":"","logo_image_2x":"","mobile_logo":"","logo_text":"","logo_slogan":"","body_bg_image":"","body_bg_repeat":"inherit","body_bg_size":"inherit","body_bg_attachment":"inherit","body_bg_position":"0 0","enabled_copyright":"1","copyright_position":"copyright-a","copyright_load_pos":"default","copyright":"<p>&copy; Copyright {year} JD Atlanta<strong style=\"text-transform:capitalize;\"><a href=\"https:\/\/www.joomdev.com\/products\/templates\" target=\"_blank\"> Joomla Templates<\/a><\/strong> by <strong style=\"text-transform:capitalize;\"><a href=\"http:\/\/www.joomdev.com\" target=\"_blank\">JoomDev<\/a><\/strong><\/p>","show_social_icons":"0","social_position":"bottom-a","social_load_pos":"default","facebook":"","twitter":"","googleplus":"","pinterest":"","linkedin":"","dribbble":"","behance":"","youtube":"","flickr":"","skype":"","whatsapp":"","vk":"","custom":"","enable_contactinfo":"1","contact_position":"top-b","contact_phone":"","contact_mobile":"(888) 888-1234","contact_email":"","contact_time":"","comingsoon_mode":"0","comingsoon_bg":"","comingsoon_logo":"","comingsoon_title":"Coming Soon Title","comingsoon_date":"05-10-2018","comingsoon_content":"Coming soon content","error_bg":"","error_logo":"","preset":"preset1","preset1_bg":"#ffffff","preset1_text":"#333333","preset1_major":"#1abc9c","preset1_secondary":"#2d2d2d","preset1_megabg":"#ffffff","preset1_megatx":"#333333","layoutlist":"default.json","layout":"[{\"type\":\"row\",\"layout\":\"831\",\"settings\":{\"bg_color\":\"#f02222\",\"bg_image\":\"images\/powered_by.png\",\"text_color\":\"#ffffff\",\"xs_hidden\":0,\"ms_hidden\":0,\"md_hidden\":0,\"bg_repeat\":\"no-repeat\",\"bg_img_size\":\"cover\",\"bg_position\":\"contain\",\"custom_class\":\"\",\"fluidrow\":0,\"margin\":\"\",\"padding\":\"\",\"hidden_md\":0,\"hidden_sm\":1,\"hidden_xs\":1,\"link_hover_color\":\"\",\"link_color\":\"\",\"background_position\":\"0 0\",\"background_attachment\":\"fixed\",\"background_size\":\"cover\",\"background_repeat\":\"no-repeat\",\"background_image\":\"\",\"color\":\"#ffffff\",\"background_color\":\"\",\"name\":\"Top Bar\"},\"attr\":[{\"type\":\"sp_col\",\"className\":\"layout-column col-sm-8\",\"settings\":{\"sortableitem\":\"[object Object]\",\"xs_col\":\"\",\"sm_col\":\"\",\"hidden_md\":0,\"hidden_sm\":0,\"hidden_xs\":0,\"column_type\":0,\"name\":\"top-a\",\"custom_class\":\"\",\"md_hidden\":0,\"ms_hidden\":0,\"xs_hidden\":0}},{\"type\":\"sp_col\",\"className\":\"layout-column col-sm-3\",\"settings\":{\"sortableitem\":\"[object Object]\",\"column_type\":0,\"name\":\"top-b\",\"custom_class\":\"\",\"md_hidden\":0,\"ms_hidden\":0,\"xs_hidden\":0,\"hidden_xs\":0,\"hidden_sm\":0,\"hidden_md\":0,\"sm_col\":\"\",\"xs_col\":\"\"}},{\"type\":\"sp_col\",\"className\":\"layout-column col-sm-1\",\"settings\":{\"sortableitem\":\"[object Object]\",\"column_type\":0,\"name\":\"top-c\",\"hidden_xs\":0,\"hidden_sm\":0,\"hidden_md\":0,\"sm_col\":\"\",\"xs_col\":\"\",\"custom_class\":\"\"}}]},{\"type\":\"row\",\"layout\":\"39\",\"settings\":{\"custom_class\":\"\",\"fluidrow\":0,\"margin\":\"\",\"padding\":\"\",\"hidden_md\":0,\"hidden_sm\":0,\"hidden_xs\":0,\"link_hover_color\":\"\",\"link_color\":\"\",\"background_image\":\"\",\"color\":\"\",\"background_color\":\"\",\"name\":\"Header\"},\"attr\":[{\"type\":\"sp_col\",\"className\":\"layout-column col-sm-3\",\"settings\":{\"sortableitem\":\"[object Object]\",\"md_hidden\":0,\"ms_hidden\":0,\"xs_hidden\":0,\"custom_class\":\"\",\"xs_col\":\"col-xs-6\",\"sm_col\":\"col-sm-6\",\"hidden_md\":0,\"hidden_sm\":0,\"hidden_xs\":0,\"name\":\"logo\",\"column_type\":0}},{\"type\":\"sp_col\",\"className\":\"layout-column col-sm-9\",\"settings\":{\"sortableitem\":\"[object Object]\",\"custom_class\":\"\",\"md_hidden\":0,\"ms_hidden\":0,\"xs_hidden\":0,\"name\":\"menu\",\"column_type\":0,\"hidden_xs\":0,\"hidden_sm\":0,\"hidden_md\":0,\"sm_col\":\"col-sm-6\",\"xs_col\":\"col-xs-6\"}}]},{\"type\":\"row\",\"layout\":12,\"settings\":{\"name\":\"Page Title\",\"background_color\":\"\",\"color\":\"\",\"background_image\":\"\",\"link_color\":\"\",\"link_hover_color\":\"\",\"hidden_xs\":0,\"hidden_sm\":0,\"hidden_md\":0,\"padding\":\"\",\"margin\":\"\",\"fluidrow\":1,\"custom_class\":\"\"},\"attr\":[{\"type\":\"sp_col\",\"className\":\"layout-column col-sm-12\",\"settings\":{\"column_type\":0,\"name\":\"title\",\"hidden_xs\":0,\"hidden_sm\":0,\"hidden_md\":0,\"sm_col\":\"\",\"xs_col\":\"\",\"custom_class\":\"\"}}]},{\"type\":\"row\",\"layout\":12,\"settings\":{\"custom_class\":\"home-page-slider\",\"fluidrow\":0,\"margin\":\"\",\"padding\":\"\",\"hidden_md\":0,\"hidden_sm\":0,\"hidden_xs\":0,\"link_hover_color\":\"\",\"link_color\":\"\",\"background_image\":\"\",\"color\":\"\",\"background_color\":\"\",\"name\":\"Slider\"},\"attr\":[{\"type\":\"sp_col\",\"className\":\"layout-column col-sm-12\",\"settings\":{\"column_type\":0,\"name\":\"slider\",\"hidden_xs\":0,\"hidden_sm\":0,\"hidden_md\":0,\"sm_col\":\"\",\"xs_col\":\"\",\"custom_class\":\"\"}}]},{\"type\":\"row\",\"layout\":12,\"settings\":{\"name\":\"Subscribe-box\",\"background_color\":\"\",\"color\":\"\",\"background_image\":\"\",\"link_color\":\"\",\"link_hover_color\":\"\",\"hidden_xs\":0,\"hidden_sm\":0,\"hidden_md\":0,\"padding\":\"\",\"margin\":\"\",\"fluidrow\":0,\"custom_class\":\"\"},\"attr\":[{\"type\":\"sp_col\",\"className\":\"layout-column col-sm-12\",\"settings\":{\"custom_class\":\"\",\"xs_col\":\"\",\"sm_col\":\"\",\"hidden_md\":0,\"hidden_sm\":0,\"hidden_xs\":0,\"name\":\"subscribe\",\"column_type\":0}}]},{\"type\":\"row\",\"layout\":12,\"settings\":{\"custom_class\":\"\",\"fluidrow\":0,\"margin\":\"\",\"padding\":\"\",\"hidden_md\":0,\"hidden_sm\":0,\"hidden_xs\":0,\"link_hover_color\":\"\",\"link_color\":\"\",\"background_image\":\"\",\"color\":\"\",\"background_color\":\"\",\"name\":\"Showcase\"},\"attr\":[{\"type\":\"sp_col\",\"className\":\"layout-column col-sm-12\",\"settings\":{\"sortableitem\":\"[object Object]\",\"custom_class\":\"\",\"xs_col\":\"\",\"sm_col\":\"\",\"hidden_md\":0,\"hidden_sm\":0,\"hidden_xs\":0,\"name\":\"showcase-a\",\"column_type\":0}}]},{\"type\":\"row\",\"layout\":\"66\",\"settings\":{\"name\":\"Feature\",\"background_color\":\"\",\"color\":\"\",\"background_image\":\"\",\"link_color\":\"\",\"link_hover_color\":\"\",\"hidden_xs\":0,\"hidden_sm\":0,\"hidden_md\":0,\"padding\":\"\",\"margin\":\"\",\"fluidrow\":0,\"custom_class\":\"\"},\"attr\":[{\"type\":\"sp_col\",\"className\":\"layout-column col-sm-6\",\"settings\":{\"sortableitem\":\"[object Object]\",\"column_type\":0,\"name\":\"feature-a\",\"hidden_xs\":0,\"hidden_sm\":0,\"hidden_md\":0,\"sm_col\":\"\",\"xs_col\":\"\",\"custom_class\":\"\"}},{\"type\":\"sp_col\",\"className\":\"layout-column col-sm-6\",\"settings\":{}}]},{\"type\":\"row\",\"layout\":\"66\",\"settings\":{\"custom_class\":\"\",\"fluidrow\":0,\"margin\":\"\",\"padding\":\"\",\"hidden_md\":0,\"hidden_sm\":0,\"hidden_xs\":0,\"link_hover_color\":\"\",\"link_color\":\"\",\"background_image\":\"\",\"color\":\"\",\"background_color\":\"\",\"name\":\"Utility\"},\"attr\":[{\"type\":\"sp_col\",\"className\":\"layout-column col-sm-6\",\"settings\":{\"custom_class\":\"\",\"xs_col\":\"\",\"sm_col\":\"\",\"hidden_md\":0,\"hidden_sm\":0,\"hidden_xs\":0,\"name\":\"utility-a\",\"column_type\":0,\"sortableitem\":\"[object Object]\"}},{\"type\":\"sp_col\",\"className\":\"layout-column col-sm-6\",\"settings\":{}}]},{\"type\":\"row\",\"layout\":\"66\",\"settings\":{\"name\":\"Mainbottom\",\"background_color\":\"\",\"color\":\"\",\"background_image\":\"\",\"link_color\":\"\",\"link_hover_color\":\"\",\"hidden_xs\":0,\"hidden_sm\":0,\"hidden_md\":0,\"padding\":\"\",\"margin\":\"\",\"fluidrow\":0,\"custom_class\":\"\"},\"attr\":[{\"type\":\"sp_col\",\"className\":\"layout-column col-sm-6\",\"settings\":{\"sortableitem\":\"[object Object]\",\"column_type\":0,\"name\":\"mainbottom-a\",\"hidden_xs\":0,\"hidden_sm\":0,\"hidden_md\":0,\"sm_col\":\"\",\"xs_col\":\"\",\"custom_class\":\"\"}},{\"type\":\"sp_col\",\"className\":\"layout-column col-sm-6\",\"settings\":{}}]},{\"type\":\"row\",\"layout\":\"66\",\"settings\":{\"custom_class\":\"\",\"fluidrow\":0,\"margin\":\"\",\"padding\":\"\",\"hidden_md\":0,\"hidden_sm\":0,\"hidden_xs\":0,\"link_hover_color\":\"\",\"link_color\":\"\",\"background_image\":\"\",\"color\":\"\",\"background_color\":\"\",\"name\":\"Extension\"},\"attr\":[{\"type\":\"sp_col\",\"className\":\"layout-column col-sm-6\",\"settings\":{\"custom_class\":\"\",\"xs_col\":\"\",\"sm_col\":\"\",\"hidden_md\":0,\"hidden_sm\":0,\"hidden_xs\":0,\"name\":\"extension-a\",\"column_type\":0,\"sortableitem\":\"[object Object]\"}},{\"type\":\"sp_col\",\"className\":\"layout-column col-sm-6\",\"settings\":{}}]},{\"type\":\"row\",\"layout\":\"66\",\"settings\":{\"name\":\"JD Custom One\",\"background_color\":\"\",\"color\":\"\",\"background_image\":\"\",\"link_color\":\"\",\"link_hover_color\":\"\",\"hidden_xs\":0,\"hidden_sm\":0,\"hidden_md\":0,\"padding\":\"\",\"margin\":\"\",\"fluidrow\":0,\"custom_class\":\"\"},\"attr\":[{\"type\":\"sp_col\",\"className\":\"layout-column col-sm-6\",\"settings\":{\"sortableitem\":\"[object Object]\",\"column_type\":0,\"name\":\"jd-custome-one-a\",\"hidden_xs\":0,\"hidden_sm\":0,\"hidden_md\":0,\"sm_col\":\"\",\"xs_col\":\"\",\"custom_class\":\"\"}},{\"type\":\"sp_col\",\"className\":\"layout-column col-sm-6\",\"settings\":{}}]},{\"type\":\"row\",\"layout\":\"66\",\"settings\":{\"custom_class\":\"\",\"fluidrow\":0,\"margin\":\"\",\"padding\":\"\",\"hidden_md\":0,\"hidden_sm\":0,\"hidden_xs\":0,\"link_hover_color\":\"\",\"link_color\":\"\",\"background_image\":\"\",\"color\":\"\",\"background_color\":\"\",\"name\":\"JD Custom Two\"},\"attr\":[{\"type\":\"sp_col\",\"className\":\"layout-column col-sm-6\",\"settings\":{\"column_type\":0,\"name\":\"jd-custome-two-a\",\"hidden_xs\":0,\"hidden_sm\":0,\"hidden_md\":0,\"sm_col\":\"\",\"xs_col\":\"\",\"custom_class\":\"\",\"sortableitem\":\"[object Object]\"}},{\"type\":\"sp_col\",\"className\":\"layout-column col-sm-6\",\"settings\":{}}]},{\"type\":\"row\",\"layout\":\"363\",\"settings\":{\"name\":\"Main Body\",\"bg_color\":\"\",\"bg_image\":\"\",\"text_color\":\"\",\"link_color\":\"\",\"link_hover_color\":\"\",\"xs_hidden\":0,\"ms_hidden\":0,\"md_hidden\":0,\"custom_class\":\"\"},\"attr\":[{\"type\":\"sp_col\",\"className\":\"layout-column col-sm-3\",\"settings\":{\"xs_col\":\"\",\"sm_col\":\"\",\"hidden_md\":0,\"hidden_sm\":0,\"hidden_xs\":0,\"custom_class\":\"custom-class\",\"md_hidden\":0,\"ms_hidden\":0,\"xs_hidden\":0,\"name\":\"sidebar-a\",\"column_type\":0,\"sortableitem\":\"[object Object]\"}},{\"type\":\"sp_col\",\"className\":\"layout-column col-sm-6\",\"settings\":{\"xs_hidden\":0,\"ms_hidden\":0,\"md_hidden\":0,\"custom_class\":\"\",\"name\":\"\",\"column_type\":1,\"sortableitem\":\"[object Object]\"}},{\"type\":\"sp_col\",\"className\":\"layout-column col-sm-3\",\"settings\":{\"xs_col\":\"\",\"sm_col\":\"\",\"hidden_md\":0,\"hidden_sm\":0,\"hidden_xs\":0,\"column_type\":0,\"name\":\"sidebar-b\",\"xs_hidden\":0,\"ms_hidden\":0,\"md_hidden\":0,\"custom_class\":\"class2\",\"sortableitem\":\"[object Object]\"}}]},{\"type\":\"row\",\"layout\":\"66\",\"settings\":{\"name\":\"JD Custom Three\",\"background_color\":\"\",\"color\":\"\",\"background_image\":\"\",\"link_color\":\"\",\"link_hover_color\":\"\",\"hidden_xs\":0,\"hidden_sm\":0,\"hidden_md\":0,\"padding\":\"\",\"margin\":\"\",\"fluidrow\":0,\"custom_class\":\"\"},\"attr\":[{\"type\":\"sp_col\",\"className\":\"layout-column col-sm-6\",\"settings\":{\"custom_class\":\"\",\"xs_col\":\"\",\"sm_col\":\"\",\"hidden_md\":0,\"hidden_sm\":0,\"hidden_xs\":0,\"name\":\"jd-custome-three-a\",\"column_type\":0,\"sortableitem\":\"[object Object]\"}},{\"type\":\"sp_col\",\"className\":\"layout-column col-sm-6\",\"settings\":{}}]},{\"type\":\"row\",\"layout\":\"66\",\"settings\":{\"custom_class\":\"\",\"fluidrow\":0,\"margin\":\"\",\"padding\":\"100px 0px\",\"hidden_md\":0,\"hidden_sm\":0,\"hidden_xs\":0,\"link_hover_color\":\"\",\"link_color\":\"\",\"background_image\":\"\",\"color\":\"\",\"background_color\":\"#f5f5f5\",\"name\":\"Bottom\"},\"attr\":[{\"type\":\"sp_col\",\"className\":\"layout-column col-sm-6\",\"settings\":{\"column_type\":0,\"name\":\"bottom-a\",\"hidden_xs\":0,\"hidden_sm\":0,\"hidden_md\":0,\"sm_col\":\"\",\"xs_col\":\"\",\"custom_class\":\"\",\"sortableitem\":\"[object Object]\"}},{\"type\":\"sp_col\",\"className\":\"layout-column col-sm-6\",\"settings\":{\"custom_class\":\"\",\"xs_col\":\"\",\"sm_col\":\"\",\"hidden_md\":0,\"hidden_sm\":0,\"hidden_xs\":0,\"name\":\"bottom-b\",\"column_type\":0,\"sortableitem\":\"[object Object]\"}}]},{\"type\":\"row\",\"layout\":\"444\",\"settings\":{\"name\":\"Footer\",\"bg_color\":\"\",\"bg_image\":\"\",\"text_color\":\"\",\"link_color\":\"\",\"link_hover_color\":\"\",\"xs_hidden\":0,\"ms_hidden\":0,\"md_hidden\":0,\"custom_class\":\"\"},\"attr\":[{\"type\":\"sp_col\",\"className\":\"layout-column col-sm-4\",\"settings\":{\"sortableitem\":\"[object Object]\",\"xs_col\":\"\",\"sm_col\":\"\",\"hidden_md\":0,\"hidden_sm\":0,\"hidden_xs\":0,\"column_type\":0,\"name\":\"footer-a\",\"xs_hidden\":0,\"ms_hidden\":0,\"md_hidden\":0,\"custom_class\":\"\"}},{\"type\":\"sp_col\",\"className\":\"layout-column col-sm-4\",\"settings\":{\"sortableitem\":\"[object Object]\",\"column_type\":0,\"name\":\"footer-b\",\"hidden_xs\":0,\"hidden_sm\":0,\"hidden_md\":0,\"sm_col\":\"\",\"xs_col\":\"\",\"custom_class\":\"\"}},{\"type\":\"sp_col\",\"className\":\"layout-column col-sm-4\",\"settings\":{\"sortableitem\":\"[object Object]\",\"column_type\":0,\"name\":\"footer-c\",\"hidden_xs\":0,\"hidden_sm\":0,\"hidden_md\":0,\"sm_col\":\"\",\"xs_col\":\"\",\"custom_class\":\"\"}}]},{\"type\":\"row\",\"layout\":\"66\",\"settings\":{\"custom_class\":\"\",\"fluidrow\":0,\"margin\":\"\",\"padding\":\"\",\"hidden_md\":0,\"hidden_sm\":0,\"hidden_xs\":0,\"link_hover_color\":\"\",\"link_color\":\"\",\"background_image\":\"\",\"color\":\"\",\"background_color\":\"\",\"name\":\"Copyright\"},\"attr\":[{\"type\":\"sp_col\",\"className\":\"layout-column col-sm-6\",\"settings\":{\"custom_class\":\"\",\"xs_col\":\"\",\"sm_col\":\"\",\"hidden_md\":0,\"hidden_sm\":0,\"hidden_xs\":0,\"name\":\"copyright-a\",\"column_type\":0,\"sortableitem\":\"[object Object]\"}},{\"type\":\"sp_col\",\"className\":\"layout-column col-sm-6\",\"settings\":{}}]}]","menu":"mainmenu","menu_type":"mega","dropdown_width":"","menu_animation":"menu-zoom","offcanvas_animation":"default","enable_body_font":"0","body_font":"{\"fontFamily\":\"ABeeZee\",\"fontWeight\":\"regular\",\"fontSubset\":\"latin\",\"fontSize\":\"18\"}","enable_h1_font":"0","h1_font":"{\"fontFamily\":\"Open Sans\",\"fontWeight\":\"800\",\"fontSubset\":\"latin\",\"fontSize\":\"\"}","enable_h2_font":"0","h2_font":"{\"fontFamily\":\"Open Sans\",\"fontWeight\":\"600\",\"fontSubset\":\"latin\",\"fontSize\":\"\"}","enable_h3_font":"0","h3_font":"{\"fontFamily\":\"Open Sans\",\"fontWeight\":\"regular\",\"fontSubset\":\"latin\",\"fontSize\":\"\"}","enable_h4_font":"0","h4_font":"{\"fontFamily\":\"Open Sans\",\"fontWeight\":\"regular\",\"fontSubset\":\"latin\",\"fontSize\":\"\"}","enable_h5_font":"0","h5_font":"{\"fontFamily\":\"Open Sans\",\"fontWeight\":\"600\",\"fontSubset\":\"latin\",\"fontSize\":\"\"}","enable_h6_font":"0","h6_font":"{\"fontFamily\":\"Open Sans\",\"fontWeight\":\"600\",\"fontSubset\":\"latin\",\"fontSize\":\"\"}","enable_navigation_font":"0","navigation_font":"{\"fontFamily\":\"Raleway\",\"fontWeight\":\"600\",\"fontSubset\":\"latin\",\"fontSize\":\"15\"}","enable_custom_font":"0","custom_font":"{\"fontFamily\":\"ABeeZee\",\"fontWeight\":\"regular\",\"fontSubset\":\"latin\",\"fontSize\":\"\"}","custom_font_selectors":"","before_head":"","before_body":"","custom_css":"body{\r\n     font-size: 17px;\r\n}","custom_js":"","compress_css":"0","compress_js":"0","exclude_js":"","lessoption":"1","show_post_format":"0","commenting_engine":"disabled","disqus_subdomain":"","disqus_devmode":"0","intensedebate_acc":"","fb_appID":"","fb_width":"500","fb_cpp":"10","comments_count":"0","social_share":"0","image_small":"0","image_small_size":"100X100","image_thumbnail":"0","image_thumbnail_size":"200X200","image_medium":"0","image_medium_size":"300X300","image_large":"0","image_large_size":"600X600","blog_list_image":"default"}