[{"type":"row","layout":"822","settings":{"bg_color":"#f02222","bg_image":"images/powered_by.png","text_color":"#ffffff","xs_hidden":0,"ms_hidden":0,"md_hidden":0,"bg_repeat":"no-repeat","bg_img_size":"cover","bg_position":"contain","custom_class":"","fluidrow":0,"margin":"","padding":"","hidden_md":0,"hidden_sm":1,"hidden_xs":1,"link_hover_color":"","link_color":"","background_position":"0 0","background_attachment":"fixed","background_size":"cover","background_repeat":"no-repeat","background_image":"","color":"#999999","background_color":"#f5f5f5","name":"Top Bar"},"attr":[{"type":"sp_col","className":"layout-column col-sm-8","settings":{"sortableitem":"[object Object]","xs_hidden":0,"ms_hidden":0,"md_hidden":0,"custom_class":"","name":"top-a","column_type":0,"hidden_xs":0,"hidden_sm":0,"hidden_md":0,"sm_col":"","xs_col":""}},{"type":"sp_col","className":"layout-column col-sm-2","settings":{"sortableitem":"[object Object]","xs_col":"","sm_col":"","hidden_md":0,"hidden_sm":0,"hidden_xs":0,"xs_hidden":0,"ms_hidden":0,"md_hidden":0,"custom_class":"","name":"top-b","column_type":0}},{"type":"sp_col","className":"layout-column col-sm-2","settings":{"sortableitem":"[object Object]","custom_class":"","xs_col":"","sm_col":"","hidden_md":0,"hidden_sm":0,"hidden_xs":0,"name":"top-c","column_type":0}}]},{"type":"row","layout":"39","settings":{"custom_class":"","fluidrow":0,"margin":"","padding":"","hidden_md":0,"hidden_sm":0,"hidden_xs":0,"link_hover_color":"","link_color":"","background_image":"","color":"","background_color":"","name":"Header"},"attr":[{"type":"sp_col","className":"layout-column col-sm-3","settings":{"sortableitem":"[object Object]","md_hidden":0,"ms_hidden":0,"xs_hidden":0,"custom_class":"","xs_col":"col-xs-6","sm_col":"col-sm-6","hidden_md":0,"hidden_sm":0,"hidden_xs":0,"name":"logo","column_type":0}},{"type":"sp_col","className":"layout-column col-sm-9","settings":{"sortableitem":"[object Object]","custom_class":"","md_hidden":0,"ms_hidden":0,"xs_hidden":0,"name":"menu","column_type":0,"hidden_xs":0,"hidden_sm":0,"hidden_md":0,"sm_col":"col-sm-6","xs_col":"col-xs-6"}}]},{"type":"row","layout":12,"settings":{"name":"Page Title","background_color":"","color":"","background_image":"","link_color":"","link_hover_color":"","hidden_xs":0,"hidden_sm":0,"hidden_md":0,"padding":"","margin":"","fluidrow":1,"custom_class":""},"attr":[{"type":"sp_col","className":"layout-column col-sm-12","settings":{"column_type":0,"name":"title","hidden_xs":0,"hidden_sm":0,"hidden_md":0,"sm_col":"","xs_col":"","custom_class":""}}]},{"type":"row","layout":12,"settings":{"custom_class":"home-page-slider","fluidrow":0,"margin":"","padding":"","hidden_md":0,"hidden_sm":0,"hidden_xs":0,"link_hover_color":"","link_color":"","background_image":"","color":"","background_color":"","name":"Slider"},"attr":[{"type":"sp_col","className":"layout-column col-sm-12","settings":{"column_type":0,"name":"slider","hidden_xs":0,"hidden_sm":0,"hidden_md":0,"sm_col":"","xs_col":"","custom_class":""}}]},{"type":"row","layout":12,"settings":{"name":"Subscribe-box","background_color":"","color":"","background_image":"","link_color":"","link_hover_color":"","hidden_xs":0,"hidden_sm":0,"hidden_md":0,"padding":"","margin":"","fluidrow":0,"custom_class":""},"attr":[{"type":"sp_col","className":"layout-column col-sm-12","settings":{"custom_class":"","xs_col":"","sm_col":"","hidden_md":0,"hidden_sm":0,"hidden_xs":0,"name":"subscribe","column_type":0}}]},{"type":"row","layout":12,"settings":{"custom_class":"","fluidrow":0,"margin":"","padding":"","hidden_md":0,"hidden_sm":0,"hidden_xs":0,"link_hover_color":"","link_color":"","background_image":"","color":"","background_color":"","name":"Showcase"},"attr":[{"type":"sp_col","className":"layout-column col-sm-12","settings":{"sortableitem":"[object Object]","custom_class":"","xs_col":"","sm_col":"","hidden_md":0,"hidden_sm":0,"hidden_xs":0,"name":"showcase-a","column_type":0}}]},{"type":"row","layout":"66","settings":{"name":"Feature","background_color":"","color":"","background_image":"","link_color":"","link_hover_color":"","hidden_xs":0,"hidden_sm":0,"hidden_md":0,"padding":"","margin":"","fluidrow":0,"custom_class":""},"attr":[{"type":"sp_col","className":"layout-column col-sm-6","settings":{"sortableitem":"[object Object]","column_type":0,"name":"feature-a","hidden_xs":0,"hidden_sm":0,"hidden_md":0,"sm_col":"","xs_col":"","custom_class":""}},{"type":"sp_col","className":"layout-column col-sm-6","settings":{}}]},{"type":"row","layout":"66","settings":{"custom_class":"","fluidrow":0,"margin":"","padding":"","hidden_md":0,"hidden_sm":0,"hidden_xs":0,"link_hover_color":"","link_color":"","background_image":"","color":"","background_color":"","name":"Utility"},"attr":[{"type":"sp_col","className":"layout-column col-sm-6","settings":{"custom_class":"","xs_col":"","sm_col":"","hidden_md":0,"hidden_sm":0,"hidden_xs":0,"name":"utility-a","column_type":0,"sortableitem":"[object Object]"}},{"type":"sp_col","className":"layout-column col-sm-6","settings":{}}]},{"type":"row","layout":"66","settings":{"name":"Mainbottom","background_color":"","color":"","background_image":"","link_color":"","link_hover_color":"","hidden_xs":0,"hidden_sm":0,"hidden_md":0,"padding":"","margin":"","fluidrow":0,"custom_class":""},"attr":[{"type":"sp_col","className":"layout-column col-sm-6","settings":{"sortableitem":"[object Object]","column_type":0,"name":"mainbottom-a","hidden_xs":0,"hidden_sm":0,"hidden_md":0,"sm_col":"","xs_col":"","custom_class":""}},{"type":"sp_col","className":"layout-column col-sm-6","settings":{}}]},{"type":"row","layout":"66","settings":{"custom_class":"","fluidrow":0,"margin":"","padding":"","hidden_md":0,"hidden_sm":0,"hidden_xs":0,"link_hover_color":"","link_color":"","background_image":"","color":"","background_color":"","name":"Extension"},"attr":[{"type":"sp_col","className":"layout-column col-sm-6","settings":{"custom_class":"","xs_col":"","sm_col":"","hidden_md":0,"hidden_sm":0,"hidden_xs":0,"name":"extension-a","column_type":0,"sortableitem":"[object Object]"}},{"type":"sp_col","className":"layout-column col-sm-6","settings":{}}]},{"type":"row","layout":"66","settings":{"name":"JD Custom One","background_color":"","color":"","background_image":"","link_color":"","link_hover_color":"","hidden_xs":0,"hidden_sm":0,"hidden_md":0,"padding":"","margin":"","fluidrow":0,"custom_class":""},"attr":[{"type":"sp_col","className":"layout-column col-sm-6","settings":{"sortableitem":"[object Object]","column_type":0,"name":"jd-custome-one-a","hidden_xs":0,"hidden_sm":0,"hidden_md":0,"sm_col":"","xs_col":"","custom_class":""}},{"type":"sp_col","className":"layout-column col-sm-6","settings":{}}]},{"type":"row","layout":"66","settings":{"custom_class":"","fluidrow":0,"margin":"","padding":"","hidden_md":0,"hidden_sm":0,"hidden_xs":0,"link_hover_color":"","link_color":"","background_image":"","color":"","background_color":"","name":"JD Custom Two"},"attr":[{"type":"sp_col","className":"layout-column col-sm-6","settings":{"column_type":0,"name":"jd-custome-two-a","hidden_xs":0,"hidden_sm":0,"hidden_md":0,"sm_col":"","xs_col":"","custom_class":"","sortableitem":"[object Object]"}},{"type":"sp_col","className":"layout-column col-sm-6","settings":{}}]},{"type":"row","layout":"363","settings":{"name":"Main Body","bg_color":"","bg_image":"","text_color":"","link_color":"","link_hover_color":"","xs_hidden":0,"ms_hidden":0,"md_hidden":0,"custom_class":""},"attr":[{"type":"sp_col","className":"layout-column col-sm-3","settings":{"xs_col":"","sm_col":"","hidden_md":0,"hidden_sm":0,"hidden_xs":0,"custom_class":"custom-class","md_hidden":0,"ms_hidden":0,"xs_hidden":0,"name":"sidebar-a","column_type":0,"sortableitem":"[object Object]"}},{"type":"sp_col","className":"layout-column col-sm-6","settings":{"xs_hidden":0,"ms_hidden":0,"md_hidden":0,"custom_class":"","name":"","column_type":1,"sortableitem":"[object Object]"}},{"type":"sp_col","className":"layout-column col-sm-3","settings":{"xs_col":"","sm_col":"","hidden_md":0,"hidden_sm":0,"hidden_xs":0,"column_type":0,"name":"sidebar-b","xs_hidden":0,"ms_hidden":0,"md_hidden":0,"custom_class":"class2","sortableitem":"[object Object]"}}]},{"type":"row","layout":"66","settings":{"name":"JD Custom Three","background_color":"","color":"","background_image":"","link_color":"","link_hover_color":"","hidden_xs":0,"hidden_sm":0,"hidden_md":0,"padding":"","margin":"","fluidrow":0,"custom_class":""},"attr":[{"type":"sp_col","className":"layout-column col-sm-6","settings":{"custom_class":"","xs_col":"","sm_col":"","hidden_md":0,"hidden_sm":0,"hidden_xs":0,"name":"jd-custome-three-a","column_type":0,"sortableitem":"[object Object]"}},{"type":"sp_col","className":"layout-column col-sm-6","settings":{}}]},{"type":"row","layout":"66","settings":{"custom_class":"","fluidrow":0,"margin":"","padding":"100px 0px","hidden_md":0,"hidden_sm":0,"hidden_xs":0,"link_hover_color":"","link_color":"","background_image":"","color":"","background_color":"#f5f5f5","name":"Bottom"},"attr":[{"type":"sp_col","className":"layout-column col-sm-6","settings":{"column_type":0,"name":"bottom-a","hidden_xs":0,"hidden_sm":0,"hidden_md":0,"sm_col":"","xs_col":"","custom_class":"","sortableitem":"[object Object]"}},{"type":"sp_col","className":"layout-column col-sm-6 column-active","settings":{"custom_class":"","xs_col":"","sm_col":"","hidden_md":0,"hidden_sm":0,"hidden_xs":0,"name":"bottom-b","column_type":0,"sortableitem":"[object Object]"}}]},{"type":"row","layout":"444","settings":{"name":"Footer","bg_color":"","bg_image":"","text_color":"","link_color":"","link_hover_color":"","xs_hidden":0,"ms_hidden":0,"md_hidden":0,"custom_class":""},"attr":[{"type":"sp_col","className":"layout-column col-sm-4","settings":{"sortableitem":"[object Object]","xs_col":"","sm_col":"","hidden_md":0,"hidden_sm":0,"hidden_xs":0,"column_type":0,"name":"footer-a","xs_hidden":0,"ms_hidden":0,"md_hidden":0,"custom_class":""}},{"type":"sp_col","className":"layout-column col-sm-4","settings":{"sortableitem":"[object Object]","column_type":0,"name":"footer-b","hidden_xs":0,"hidden_sm":0,"hidden_md":0,"sm_col":"","xs_col":"","custom_class":""}},{"type":"sp_col","className":"layout-column col-sm-4","settings":{"sortableitem":"[object Object]","column_type":0,"name":"footer-c","hidden_xs":0,"hidden_sm":0,"hidden_md":0,"sm_col":"","xs_col":"","custom_class":""}}]},{"type":"row","layout":"66","settings":{"custom_class":"","fluidrow":0,"margin":"","padding":"","hidden_md":0,"hidden_sm":0,"hidden_xs":0,"link_hover_color":"","link_color":"","background_image":"","color":"","background_color":"","name":"Copyright"},"attr":[{"type":"sp_col","className":"layout-column col-sm-6","settings":{"custom_class":"","xs_col":"","sm_col":"","hidden_md":0,"hidden_sm":0,"hidden_xs":0,"name":"copyright-a","column_type":0,"sortableitem":"[object Object]"}},{"type":"sp_col","className":"layout-column col-sm-6","settings":{}}]}]